elapsed_time,throughput,memory_mb
8.79216259997338,2911.6840946592033,369.16796875
